Content,Likes,Handle
Is your Account Hacked Dm now! #Snapchat #snapchatdown #instagram #reddit #roblox #TikTok #Gmail #facebooksupport #DataScientists #CodeNewbies #gmaildown #BitcoinÂ â€¯â€¯â€¯Â Â Â â€¯â€¯â€¯â€¯â€¯â€¯Â Â   #Facebook #Python #Coding #robloxcondos #100DaysOfCode #ProgramasVTV,0,@Deonhackszz
Hacking Android Smartphones with NFC Tags  https://hakin9.org/product/hacking-android-smartphones-with-nfc-tags/ #infosec #cybersecurity #redteam #pentest #pentesting #hacking #hackers #coding #opensource #Linux #windows,6,@Hakin9
Guaranteed A's in: #Essays Exams #Sociology #Thesis Assignment #Homework #Stats Term paper #Research PHYSICS Chemistry Business Project History  #Onlineclass Biology Psychology  #100DaysOfCode #javascript #coding #programming #Serverless Hit our DMğŸ“© for More info:),0,@commendabl13091
Ransomware Attacks and Detection  https://hakin9.org/product/ransomware-attacks-and-detection/ #infosec #cybersecurity #redteam #pentest #pentesting #hacking #hackers #coding #opensource #Linux #windows,7,@Hakin9
"Day 99 of #100DaysOfCode   Learning Greedy Algorithm with @Sandeep_Jain & @GeeksforGeeks!  Excited to learn from the best and unravel these powerful data structures. Stay tuned for code, challenges, and insights!  #coding #codingjourney #geeksforgeeks #100daysofcoding",1,@itsmesuraj20
Spy on your girlfriend or boyfriend account without him/her suspecting or noticing #Snapchat #facebookdown #instagram #facebooksupport #WhatsApp #CyberSecurity #Python #Coding #Gmail #100DaysOfCode #programming #Linux #IoT #IIoT,0,@Deonhackszz
Is your Account Hacked Dm now! #Snapchat #snapchatdown #instagram #reddit #roblox #TikTok #Gmail #facebooksupport #DataScientists #CodeNewbies #gmaildown #BitcoinÂ â€¯â€¯â€¯Â Â Â â€¯â€¯â€¯â€¯â€¯â€¯Â Â   #Facebook #Python #Coding #robloxcondos #100DaysOfCode #ProgramasVTV,0,@Deonhackszz
"#Day 50 ofÂ #100DaysOfCodeÂ ğŸ’»  Solved LeetCode problems: âœ… POTD: Power of Two âœ…Â Power of Three, Four âœ…Â Number of Distinct Averages  @kunalstwt #DSAWithKunal #coding #leetcode",2,@JrDevData
What is the main reason you should outsource your #QA #Testing?   Check out this infographic to know more. @qualysec_tech #Infographic #QAEngineer #QualityAssurance #QC #SoftwareTesting #DataScience #Software #Development #Developer #Programming #Coding #Technology #Automation,0,@pratititech
I have a lot to learn  ğŸ’†â€â™‚ï¸ #alxcsiger #alxse #webdevelopment #Coding,0,@MistarKelly
[FULL COURSE OUT NOW!] Web Application Penetration Testing - OWASP TOP 10 vulnerabilities and other critical Web Application weaknesses!  https://hakin9.org/product/web-application-penetration-testing-w71/ #infosec #cybersecurity #redteam #pentest #pentesting #hacking #hackers #coding #opensource #Linux #windows,1,@Hakin9
ğŸ® 15 free #coding games to improve your coding skills!  You will learn:  ğŸ”¸HTML & CSS ğŸ”¸JavaScript  ğŸ”¸User Experience Design ğŸ”¸Pythonâ€”the language of #AI ğŸ¤– ğŸ”¸Plus how to decide what tech job role is right for you!  Levelling ğŸ†™ your programming skills was never this easy!,21,@DigitalEU
Build and Deploy a React Admin Dashboard App with Complete Features â˜ https://morioh.com/p/6a2f4069cf65?f=5cb7d89d660c8335951ca454 #react #reactjs #javascript #programming #developer #morioh #programmer #coding #softwaredeveloper #computerscience #webdev #webdeveloper #webdevelopment,38,@reactdevz
"Dive deeper into #javascript array methods with this handy video guide! Whether you're a visual learner or just looking for a quick recap, this video has got you covered. Check it out now and level up your #coding skills! #100daysofcodechallenge #codinglife #React #100DaysOfCode",1,@PcodesDev
"It's another creative weekend for our students. The 8 year old boy created a platform #game using @MSMakeCode , and the 7 year old girl created her own #alexa project using @scratch. Enroll your child today at @kidsnovate . Call us on 09112394301 or Dm for more info. #coding",1,@kidsnovate
"I got a weakness for *some* skeuomorphism, so I had to try and recreate this reflection effect ğŸ˜… No WebGL, just a negatively scaled clone that is being scrolled with the page...   I'm really bad with gradients and shadows, this could definitely look better!   #gsap #css #coding #javascript",71,@crnacura
We're at your service for Any Account Recovery and Hacking now #snapchatdown #DataScience #DataScientists #CodeNewbies #Tech #deeplearning #Python #CodingÂ  #javascript #rstats #100DaysOfCode #programming #Linux #IoT #IIoT #BigData #gmaildown #SNAPCHATLEAKED #ROBLOX #Discord,0,@Deonhackszz
"ğŸ”§ Any hour, any day - #DevGuys2Go is your go-to for 24/7 coding support. ğŸŒ https://pressth.is/sohHj #development #programming #coding",0,@techguys2go
[NEW ISSUE OUT NOW!] Healthcare Cybersecurity - learn about the unprecedented challenges in safeguarding sensitive patient data!  https://hakin9.org/product/healthcare-cybersecurity/ #infosec #cybersecurity #redteam #pentest #pentesting #hacking #hackers #coding #opensource #Linux #windows,0,@eForensics_Mag
[NEW COURSE OUT NOW!] AutoSec Pro: Vehicle Cybersecurity Mastery - an immersive course diving into the world of automotive cybersecurity!  https://pentestmag.com/product/autosec-pro-vehicle-cybersecurity-mastery-w52/ #infosec #cybersecurity #redteam #pentest #pentesting #hacking #hackers #coding #opensource #Linux #windows,0,@PenTestMag
"In Javascript, which of the following is NOT a method of the Array object?  #javascript #js #es5 #es6 #es7 #typescript #npm #nodejs #node #dev #webDev #pirple #learnToCode #coding #code",0,@WeArePirple
"JavaScript Journey Update  1. Explored type conversion:     âœ…Used Number(), Boolean(), and String() methods  2. Played with operations:      âœ…Negation, concatenation, incrementing   Excited to dive deeper! ğŸ’¡   #JavaScript #Coding #CodeNewbie",0,@Amansfit
Save yourself from endless #coding and #development with OmegaCube ERP. Our #API-based development allows you to quickly connect OmegaCube ERP with third-party industry applications and start operating right away. Â   DM us for a demo!  Read more > https://bit.ly/48n5rPP,0,@omegacubeerp
"As a junior dev, tackling TypeScript seemed daunting. But one example changed everything. ğŸ’¡ Don't let fear hold you back from learning new technologies! #typescript #coding #JuniorDev #ProgrammingFearless",0,@Hivis4
If you like my content: ğŸ”’ Unlock FREE Cybersecurity & Hacking Resources at StationX.net/blog #informationsecurity #cybersecurity #programming #hacking #computerscience #technology #coding #webdeveloper #security #programmer #dataprotection #ethicalhacking,0,@GotoNathan
If you like our content: ğŸ”’ Unlock FREE Cybersecurity & Hacking Resources at buff.ly/3PnUfuJ #informationsecurity #cybersecurity #programming #hacking #computerscience #technology #coding #webdeveloper #security #programmer #dataprotection #ethicalhacking,0,@GotoStationX
"Dr Joy Buolamwini continues to hold AI developers accountable as they tackle machine learning biases.  Learn more about her commitment to AI and machine learning ethics, as she campaigns for developers to widen their datasets: https://bit.ly/48jXryV #AI #ethics #coding",0,@AIMagazine_BC
How many of you agree with this..!  #developers #vscode #coding #Software Engineer #freshers #interviewers,0,@AerpulaSai
à¤‡à¤¸à¤•à¥‹ à¤­à¥€ à¤¹à¤² à¤•à¤°à¥‹ ??  #Decoding #coding #puzzle_SZ #puzzle,13,@RBSE43
React Fully functional Data Grid  â˜ https://morioh.com/p/3bce24af1646?f=5cb7d89d660c8335951ca454 #programming #developer #morioh #programmer #coding #softwaredeveloper #computerscience #webdev #webdeveloper #webdevelopment #react,14,@reactdevz
"Project 51 Update:-  Today, I created the sign up and login screen #UI for the app.  #buildinpublic #buildinginpublic #flutter #flutterdev #coding #tech #uiuxdesign #uidesign #coding",2,@utkarshdev_
"Build a Responsive Website for Blogging using HTML, CSS and jQuery â˜ https://morioh.com/p/26b4c588c0a2?f=5cb7d89d660c8335951ca454 #html #css #javascript #programming #developer #morioh #programmer #coding #softwaredeveloper #computerscience #webdev #webdeveloper #webdevelopment",20,@CssDevz
JavaScript DOM Full Course | Document Object Model JavaScript Complete Course â˜ https://morioh.com/p/bca38043f0fa?f=5cb7d89d660c8335951ca454 #javascript #programming #developer #morioh #programmer #coding #softwaredeveloper #computerscience #webdev #webdeveloper #webdevelopment,17,@javascriptdevaz
third black coffee today! ğŸ˜Š do you prefer coffee or energy drink while working ???   #backend #nodejs #mongodb #nextjs #coding,0,@__demiladeee
ğŸŒŸ Last Call for the SheCodes Giveaway!  Don't miss your chance to win the full SheCodes Max program!  ğŸ‘‰ Check out the official giveaway post on our Instagram profile! ğŸ‘©â€ğŸ’»  ğŸ”— https://www.instagram.com/shecodes.io?utm_source=twitter&utm_medium=social&utm_campaign&utm_content=ap_hmr75tlole #WomenInTech #Coding #SheCodes #LearnToCode #Giveaway #Contest #SheCodesMax,0,@shecodesio
Nothing Here :/  #buildinpublic #buildinginpublic #coding #tech #uidesign #uiuxdesign #flutter #flutterdev,0,@utkarshdev_
"The capabilities of the R with the user-friendly interface of RStudio, it offers a comprehensive solution for managing data, performing statistical analysis, and generating graphics. https://pyoflife.com/using-r-and-rstudio-for-data-management-statistical-analysis-and-graphics/ #DataScience #rstats #DataAnalytics #statistics #DataScientist #Coding",100,@Parajulisaroj16
"Enhance your proficiency in Java, emphasizing the 'min' and 'max' functions in our Java Challenge!   Link: bitly.ws/PzNH #JavaChallenge #StreamFunctions #JavaSkills #SoftwareDevelopment #Coding",44,@RafaDelNero
Download Free #ComputerScience eBooks! #BigData #Analytics #DataScience #IoT #IIoT #PyTorch #Python #RStats #TensorFlow #Java #JavaScript #ReactJS #GoLang #CloudComputing #Serverless #DataScientist #Linux #Books #Programming #Coding #100DaysofCode https://geni.us/Download-eBooks,8,@gp_pulipaka
"#Coding Tip: Sometimes its better to write a messy function first, to get it working before refactoring it into something nice.   1. Get it working  2. Tidy it up  3. Nice Clean Code  #laravel #php #100devs #buildinpublic",1,@DavidBirkin
10 Interesting facts about the JavaScript Document Object Model (DOM): #javascript #coding  Thread:,0,@WowSyntax
#day1 of my challenge of making website within 7 days today I created Home Page #coding #javascript #frontend #webDeveloper #challenge,0,@AdityaArya2207
ğŸš€ğŸš€Day 58 of #100DaysOfCode. Started learning new data structure stacks learned some operations on it. That's all for today. #Coding #100daysofcodechallenge #CodingJourney #Java ğŸš€ğŸš€,2,@chirag832000
"Have a great week, VoIP Detectives! voipdetective.com #cucm #callreporting #callanalytics #telecommunication #callreportingsoftware #IT #coding #techindustry #voipdetective #VoIP #techforgood #smilemore #itjokes #mondayjokes",0,@VoIPDetective
"Just completed Day 49 of the #365daysofcode challenge!  Every line of code is a step forward. Remember, progress is progress, no matter how small. Let's continue to code, learn, and evolve!  #coding #learning #evolution #challengecontinues",1,@AbhaySaxena3111
"Elevate your #coding skills from basic to brilliant with our Biomedical Data #Science using #Python Program. ğŸ‘©ğŸ’» From data cleaning to deep learning, weâ€™ve got the ABCs and the ACGTs covered. Register to get all the details: https://forms.gle/dKGpp4EytYLzQAUk9.   #Programming",0,@OmicsLogic
ğŸŒŸ Encounter handling concurrency problems in Java? Get 24/7 help from #DevGuys2Go! #Java https://pressth.is/sohHj #development #programming #coding,0,@techguys2go
ğŸ¤– #LabCentral is our creative space within @RedbridgeLibs  where tech enthusiasts can learn more about new #technology and even try it out!  From #3DPrinting and #Coding classes to #Robotics - check out what Lab Central has to offer. ğŸ¤– Find out more: vrcl.uk/3sMzK0u,5,@DoMoreRed
A list of premier YouTube channels exploring large language models tinyurl.com/4r9zdz4c #AI #algorithms #bayesian #bigdata #datascience #deeplearning #machinelearning #LLM #neuralnetworks #code #coding #opensource #python,0,@GoforthSci
#Infographic: Machine learning algorithms and their types!  cc:  @mvollmer1 @antgrasso @avrohomg @HaroldSinnott #MachineLearning #ML #ArtificialIntelligence #AI #DataScience #DataScientists #Analytics #DevOps #DeepLearning #BigData #Python #Coding,0,@TrinusOfficial
ğŸ”“Unlock #keyestudioğŸ  The only way to do great work is to love what you doğŸ’•  #arduino #raspberrypi #microbit #diy #kit #diyproject #coding #maker #teacher #programming #stem #arduinoprojects #EDU #technology #electronics #tutorial #Engineering #learning,0,@KeyestudioRobot
Day-89 of #100DaysOfCode    âœ…Tried: LeetCode -1480 -> (Running Sum of 1d Array)  ğŸ”¸Problem Link:  https://leetcode.com/problems/running-sum-of-1d-array/ ğŸ”¸Code Link:  https://github.com/Kaap10/D.S.A/blob/main/LeetCode/RunningSumOf1dArray_1480.cpp #leetcode #coding #problem #approach #array #sum,2,@Kap10__
The children had so much fun #coding and finished their session with a wee bit of karaoke on the smartboard with one of their (and @smos_p5_MissD â€™s) favourite ğŸ˜…ğŸ¶ @microbit_edu @nldigitalschool @jillwoodward20 @smosprimary @MrsMcGregorSMOS #WeLoveTechnology #digilearnscot,0,@mrandersonsmos
"Sab log suno! ğŸ“¢  âœ…Ab Python seekhna bilkul free hai,ğŸ˜® Par koi yahaan aake kehta hai ki â€˜Programming mushkil hai   Python nahi seekh sakta toh tu ja re!ğŸ¤£ Programming ab aur bhi aasan hogaya hai, dosto sirf dropoutdeveloper.com pe! #Python #FreeLearning #BabuRaoStyle #coding",2,@Dropout__Dev
"12 Weeks, 24 Lessons, Classic #MachineLearning for All. #BigData #Analytics #DataScience #AI #IoT #IIoT #PyTorch #Python #RStats #TensorFlow #Java #JavaScript #ReactJS #CloudComputing #Serverless #DataScientist #Linux #Programming #Coding #100DaysofCode https://geni.us/MS-Weeks",24,@gp_pulipaka
Understanding #MachineLearning WorkFlow! #BigData #Analytics #DataScience #AI #IoT #IIoT #Python #RStats #TensorFlow #JavaScript #ReactJS #CloudComputing #Serverless #DataScientist #Linux #Books #Programming #Coding #100DaysofCode https://geni.us/Understanding-WFlow,10,@gp_pulipaka
#programming #memes #funny #funnymemes #coding,1,@codinasion
Hacking Android Smartphones with NFC Tags  hakin9.org/product/hackinâ€¦  #infosec #cybersecurity #redteam #pentest #pentesting #hacking #hackers #coding #opensource #Linux #windows,1,@nxnxnxdiej
Hacking Android Smartphones with NFC Tags  hakin9.org/product/hackinâ€¦  #infosec #cybersecurity #redteam #pentest #pentesting #hacking #hackers #coding #opensource #Linux #windows,0,@nxnxnxdiej
Hacking Android Smartphones with NFC Tags  hakin9.org/product/hackinâ€¦  #infosec #cybersecurity #redteam #pentest #pentesting #hacking #hackers #coding #opensource #Linux #windows,1,@nxnxnxdiej
[FREE ACCESS ARTICLE] Mitaka - a browser extension for OSINT search  https://hakin9.org/mitaka-a-browser-extension-for-osint/ #infosec #cybersecurity #redteam #pentest #pentesting #hacking #hackers #coding #opensource,10,@Hakin9
Blueprints for Text Analytics Using Python  https://bit.ly/3TReJOg #TechJunkieBlog #SoftwareDevelopment #Coding,1,@techjunkiejh
#layoffs #ffvii #finalfantasy #finalfantasyvii #unemployment #jobs #layoff #business #jobcuts #laidoff #ritacodes #remote #remotework #bigtech #programming #coding #developer #tech #softwaredeveloper #programmingmemes #softwareengineer #programminghumor #programmingfun,1,@rita_codes
"Responsive Dashboard For an Ecommerce Website using HTML, CSS, and JavaScript â˜ https://morioh.com/p/51653abda5ef?f=5cb7d89d660c8335951ca454 #html #css #javascript #programming #developer #morioh #programmer #coding #softwaredeveloper #computerscience #webdev #webdeveloper #webdevelopment",46,@javascriptdevaz
PenTest: All About Burp Suite  https://pentestmag.com/product/pentest-all-about-burp-suite/ #infosec #cybersecurity #redteam #pentest #pentesting #hacking #hackers #coding #opensource #Linux #windows,0,@PenTestMag
Open Source Forensic Tools  https://eforensicsmag.com/product/open-source-forensic-tools/ #infosec #cybersecurity #redteam #pentest #pentesting #hacking #hackers #coding #opensource #Linux #windows,1,@eForensics_Mag
"ğŸ™ï¸In one of our #EUCodeWeek podcasts, @mberry, professor of computing education at @RoehamptonUni in the UK, talks about how to bring computational thinking into the classroom and its current and future relevance.    Have a listen: https://codeweek.eu/podcast/18 #coding",0,@CodeWeekEU
"ğŸŒŸ Facing coding troubles at odd hours? #DevGuys2Go is just a call away, 24/7! ğŸ”¥ https://pressth.is/sohHj #development #programming #coding",0,@techguys2go
Best Practices for a Successful Code Migration  https://hubs.ly/Q02kCn870 #code #coding #migration #modernization #applicationmodernization,4,@ddskier
ğŸš¨Calling all JavaScript experts!ğŸš¨  What will be the output.......?  #JavaScript #CodingChallenge #Coding #OutputQuestion #ProgrammingTrivia #TechQuiz,1,@cybervikash_
Day 11:  Advance to intermediate data structure ğŸš€ğŸš€ .  .  .  .  .  .  #ideationx #coding #java #c #c++  #dsa #series #day11,1,@ideationx_ai
"IntroducciÃ³n a MongoDB, certificaciÃ³n online y gratuita!!!, otorgada por Great Learning - Base de datos NoSQL. #mongodb #nosql #sql #database #tutorial #tutoriales #datascience #coding #programming #100daysofcode #basededatos #opensource https://invidious.poast.org/xx7cqPL04Do",0,@RHablamos
"Azure Essentials, certificaciÃ³n online y gratuita!!! otorgada por Great Learning #azure #database #coding #programming #sql #sqlserver #mysql #postgresql #businessintelligence #AI #machinelearning #tutorial #tutoriales https://invidious.poast.org/DQ38aVB6uTE",0,@RHablamos
"HTML, CSS & JavaScript   https://morioh.com/a/3b764c97c84a/animated-and-responsive-movie-website-landing-page-html-css-and-javascript #html #css #javascript #programming #developer #morioh #programmer #coding #softwaredeveloper #computerscience #webdev #webdeveloper #webdevelopment",0,@_qu4nt
"Are you ready for Apple Vision Pro in #scratchâ”  #kidslearning, #kids, #tutorial, #learning, #coding, #programming, #animation, #schoolteacher, #educators, #STEM, #Apple, #AppleVisionPro, @scratch",1,@sDevsOfficial
"Hey! If you randomly see me in your DM's, then Iâ€™m just trying to catch up! :D   And, if you donâ€™t see me in ur DMâ€™s then, hey!! Howâ€™s life/work/school? What are you currently working on? What did you recently learn, explore or visit?   Howâ€™s life treating you?ğŸ©µ  #tech #coding",1,@LilyKhan786
"In general, are boys better at programming than girls?  #coding #programming",2,@thedevangvishnu
If you're having any password recovery problems Dm your favorite hacker now! #ArtificialIntelligence #AI #ML #DataScience #DataScientists #CodeNewbies #Tech #deeplearning #CyberSecurity #Python #Coding #javascript #rstats #100DaysOfCode #programming #Linux #loT #loT #BigData,0,@Deonhackszz
Learn about securing serverless architectures in this #Infographic!  #IoT #Linux #Coding #BigData #Developer #CloudComputing #AWS #Python #JavaScript,1,@pratititech
"ChatHub is an all-in-one AI chatbot client that puts all together ChatGPT, Google Bard and Bing #chatgpt #gpt #bing #googlebard #chatbot #googlechrome #coding #programming #AI #artificialintelligence #chrome #chathub #chatbot https://invidious.poast.org/QSPZACiRcCU",0,@RHablamos
Most asked interview question in interviews ||missing number in an array follow for more information #DSA #coding #100days,1,@vv216224
Did you enjoy our Halloween and Festive live code-alongs?ğŸ™‹â€â™€ï¸Wanting another opportunity to practise your #coding skills?ğŸ¤”  Watch our new lesson below anytime to learn about video sensing and how to code your own balloon popping game in @scratch ğŸˆğŸ‘‡  ğŸ”—bit.ly/BalloonPopCode-Along,0,@ConnectedFalk
Rn #ArtificialIntelligence #AI #ML #DataScience #DataScientists #CodeNewbies #Tech #deeplearning #CyberSecurity #Python #Coding #javascript #rstats #100DaysOfCode #programming #Linux #loT,0,@willamson477
Getting back into Data Structures and Algorithms with Java today! Starting fresh with recursion basics and tackling some practice problems. Let's do this! ğŸ’ª #coding #DSA #Java,4,@Dinesh12839101
Guys suggest me a good laptop for programming.   Budget upto 70K  #coding #programming,0,@mehtan55eelam
Hi! We've launched our second app on play store!ğŸ¤©ğŸš€ Check it out and see if you're up for a push up workout! ğŸ’ª https://play.google.com/store/apps/details?id=com.DefaultCompany.Butonsmecher #indiegame #indiedev #gamedev #programming #coding #PlayStore #IndieGameDev #unity3d #Apps,17,@FuriousPandaGa1
#MachineLearning @Raspberry_Pi (Includes #Python Libraries) https://vizycam.com  v/@SourabhSKatoch #DataScience #Analytics #BigData #RStats #AI #ML #IoT #IIoT #IoTPL #IoTCL #CloudComputing #DEVCommunity #100DaysOfCode #CodeNewbie #WomenWhoCode #Code #programming #coding #STEM,55,@Eli_Krumova
5 #Data Sources for #DataEngineering Projects ğŸ‘‰ğŸ½https://invidious.poast.org/watch?v=LJkVvNWlO0g  v/@SourabhSKatoch #DataScience #BigData #Analytics #AI #MachineLearning #IoT #IIoT #IoTPL #Python #Cloud #DataScientist #Serverless #programming #coding #DEVCommunity #100DaysOfCode #CodeNewbie #WomenWhoCode,35,@Eli_Krumova
Top #DataScience #Books ğŸ‘‰ğŸ»bit.ly/2Lxv9wx v/ @gp_pulipaka #BigData #Analytics #DataScience #datamining #SQL #IoT #IIoT #IoTPL #Python #RStats #CloudComputing #Serverless #5G #NLP #RPA #Robotics #cybersecurity #AI #ML #DL #DataScientist #Programming #Coding #100DaysofCode,3,@Eli_Krumova
ğŸ¯ Click #Bot ğŸ†š #AI #ChatBot #CheatSheet ğŸ¤–ğŸ“Œ  #Python #DataScience #AI #MachineLearning #ML #BigData #Analytics #DEVCommunity #Developers #computer #gamedev #webdev #programmers #tech #CyberSecurity #100daysofcode #programming #coding #DevOps #business #STEM v/ @WestArt_Factory,56,@Eli_Krumova
âš¡ï¸ 4 #Math Skills for #MachineLearning: @MIT Fundamental #Math Courses https://reddit.com/r/learnmachinelearning/comments/jlm472/mit_fundamental_maths_courses_for_machine/  v/ @SourabhSKatoch #MIT #Mathematics #Learning #Stats #DataScience #AI #ML #IoT #IoTPL #IIoT #IoTCL #Python #RStats #tech #Coding #programming #CodeNewbie #100DaysOfCode #DEVCommunity,10,@Eli_Krumova
âš¡ï¸ 30 Most Asked #MachineLearning Questions Answered https://kdnuggets.com/2021/08/30-machine-learning-questions-answered.html @kdnuggets  v/@SourabhSKatoch #DataScience #Analytics #BigData #AI #ML #Python #CloudComputing #IoT #IIoT #IoTPL #IoTCL #DEVCommunity #100DaysOfCode #CodeNewbie #WomenWhoCode #programming #coding #devops,47,@Eli_Krumova
âš¡ï¸ Top 5 #DataScience Projects with Code to Kick-Start Your Career ğŸ‘‰ğŸ½https://data-flair.training/blogs/data-science-projects-code/ @DataFlairWS #STEM #BigData #Analytics #AI #ML #MachineLearning #Python #RStats #IoT #IIoT #IoTPL #IoTCL #RPA #CloudComputing #DEVCommunity #100DaysOfCode #programming #coding #Developer,16,@Eli_Krumova
The Best #5G Network #CyberSecurity #Books ğŸ‘‰ğŸ½https://bit.ly/3tr9PIZ v/ @gp_pulipaka #BigData #Analytics #DataScience #AI #ML #IoT #IIoT #IoTPL #CloudComputing #CyberSecurity #Serverless #RPA #NLP #DataScientist #Programming #Coding #100DaysofCode #CodeNewbie #DEVCommunity #tech,33,@Eli_Krumova
Using teams of #robots to model environmental processes ğŸ‘‰ğŸ½https://techxplore.com/news/2021-04-teams-robots-environmental.html v/ @Analytics_699 #Robotics #BigData #Analytics #DataScience #AI #ML #IoT #IIoT #IoTPL #Python #CloudComputing #Serverless #CyberSecurity #RPA #NLP #Programming #Coding #100DaysofCode #DevCommunity,26,@Eli_Krumova
âš¡ï¸12 Interesting Careers to Explore in #BigData ğŸ‘¨ğŸ½â€ğŸ’» #Infographic #STEM #development #DataScientist #DataScience #Analytics #AI #ML #MachineLearning #IoT #IIoT #IoTPL #Python #CloudComputing #robotics #RPA #DEVCommunity #100DaysOfCode #WomenWhoCode #CodeNewbie #programming #coding,21,@Eli_Krumova
ğŸ¤£ #Wednesdayvibe #wednesdaythought @SourabhSKatoch: 'When the dog eats your #Programming work'ğŸ‘¨ğŸ½â€ğŸ’»  #DataScientist #developer #DevOps #webdev #gamedev #Analytics #DataScience #ML #AI #MachineLearning #STEM #IoT #IIoT #IoTCL #IoTPL #Python #100DaysofCode #tech #Coding #DEVCommunity,54,@Eli_Krumova
#Video: The Story of @FreeCodeCamp ğŸ‘‰ğŸ½https://invidious.poast.org/g5n1-hD-x5g v/ @tadaspetra  .@ossia #100DaysOfCode #DEVCommunity #CodeNewbie #WomenWhoCode #womenintech #programming #coding #Python #RStats #Cloud #developers #programmers #DataScientists #Software #engineer #webdev #gamedev #code,50,@Eli_Krumova
today's class is bout Introduction to Databases. @nxtwave_tech #nxtwave #nxtwaveccbp #nxtwaverahulattuluri #js6 #fullstackdevelopment #js6 #web3ğŸ“·ğŸ“·#javascript #developer #programming #coding #webdeveloper #webdevelopment @facebook @Meta,1,@vivekinavalli
Best #IDEâ€™s for #Python #Applications ğŸ‘¨ğŸ½â€ğŸ’» ğŸ‘‰ğŸ½https://bit.ly/3odB1Kf v/ @gp_pulipaka #BigData #Analytics #DataScience #AI #ML #MachineLearning #IoT #IIoT #IoTPL #Cloud #CyberSecurity #Serverless #RPA #NLP #DataScientist #Programming #Coding #100DaysofCode #CodeNewbie #DEVCommunity,13,@Eli_Krumova
âš¡ï¸ .@Unity #MachineLearning with #Python ğŸ‘‰ğŸ½https://www.udemy.com/course/unity-machine-learning-with-python/ By @Udemy #gamedevelopment #gamedev #games #gaming #gamers #development #developer #programming #coding #programmer #coder #AI #ML #100DaysOfCode #DEVCommunity #WomenWhoCode #Code #AR #VR #MR #XR #Metaverse #tech,35,@Eli_Krumova
ğŸ¤£@SourabhSKatoch: 'Beginner #Programmers when they start #learning #Python' #thursdaymorning #thursdayvibes #100DaysOfCode #Coding #programming #programmingjokes #DEVCommunity #DataScience #Analytics #AI #ML #IoT #IIoT #IoTPL #RPA #NLP #100DaysOfMLCode #WomenWhoCode #CodeNewbie,11,@Eli_Krumova
ğŸ‘©ğŸ½â€ğŸ« The great journey to learn #DataScience  Source: @thedataprof v/@DataScienceDojo @rohanpaul_ai #DataScientists #BigData #Analytics #AI #ArtificialIntelligence #MachineLearning #DeepLearning #ML #IoT #IIoT #IoTCL #IoTPL #Python #Stats #STEM #100DaysOfCode #DEVCommunity #coding,72,@Eli_Krumova
ğŸ¤£ #thursdayvibes #thursdaymorning @SourabhSKatoch: 'Multi-Threaded #Programming in Theory ğŸ†š Reality'  #programmers #Developer #DEVCommunity #DataScience #Analytics #ML #AI #MachineLearning #IoTCL #IoT #IIoT #IoTPL #Python #RStats #WomenWhoCode #CodeNewbie #100DaysOfCode #Coding,57,@Eli_Krumova
The #tech behind the recommender systems at #Pinterest: PinSage ğŸ‘‰ğŸ½ https://invidious.poast.org/watch?v=ed0NJdqwEyg&feature=invidious.poast.org  v/@SourabhSKatoch #ML #MachineLearning #BigData #AI #IoT #IIoT #IoTPL #IoTCL #DataScience #Analytics #DEVCommunity #coding #Programming #Python #100DaysOfCode #SocialMedia #SMM #Developers,44,@Eli_Krumova
âš¡ï¸Killer #DataProcessing Tricks For #Python #Programmers https://towardsdatascience.com/killer-data-processing-tricks-for-python-programmers-99dd3d703607  v/@SourabhSKatoch #STEM #DataScience #AI #ML #Analytics #BigData #MachineLearning #IoT #IoTCL #IIoT #IoTPL #CloudComputing #WomenWhoCode #CodeNewbie #programming #coding #DEVCommunity #100DaysOfCode,22,@Eli_Krumova
Best Practices to Become a #DataEngineer ğŸ‘‰ğŸ½https://bit.ly/33AyIYh v/ @gp_pulipaka #BigData #Analytics #DataScience #AI #ML #MachineLearning #IoT #IIoT #IoTPL #Cloud #CyberSecurity #Serverless #RPA #NLP #DataScientist #Programming #Coding #100DaysofCode #CodeNewbie #DEVCommunity,32,@Eli_Krumova
âš¡ï¸ #CheatSheet: #MachineLearning with #Python #ML #STEM #DataScientists #development #DataScience #Analytics #BigData #AI #IoT #IIoT #IoTPL #IoCL #PyTorch #RStats #CloudComputing #NLP #NeuralNetworks #Programming #Coding #100DaysofCode #DEVCommunity #WomenWhoCode #CodeNewbie #CX,25,@Eli_Krumova
ğŸ¤£ #wednesdaythought #Wednesdayvibe @SourabhSKatoch:'What #Programmers & other Remote workers think drinking does'ğŸ‘¨ğŸ½â€ğŸ’»  #100DaysOfCode #DEVCommunity #DataScience #ML #AI #MachineLearning #IoT #IIoT #IoTPL #IoTCL #Python #RStats #WomenWhoCode #CodeNewbie #Coding #programming #webdev,66,@Eli_Krumova
âš¡ï¸ Basics of #Statistics for #DataScience ğŸ¯  #DataScientists #STEM #programmer #Developers #AI #MachineLearning #Analytics #ML #BigData #RStats #Python #IoT #IIoT #IoTCL #IoTPL #CloudComputing #DEVCommunity #coding #programming #100DaysOfCode #WomenInSTEM #tech v/@SourabhSKatoch,37,@Eli_Krumova
âš¡ï¸Collection of the Best #OpenSource #Software Libraries https://opensourcelibs.com  v/@SourabhSKatoch #Analytics #DataScience #BigData #ML #AI #MachineLearning #Python #CloudComputing #IoT #IIoT #IoTPL #IoTCL #programming #coding #WomenWhoCode #DEVCommunity #100DaysOfCode #STEM #CX,25,@Eli_Krumova
ğŸ¤£ #thursdayvibes #thursdaymorning @SourabhSKatoch: 'When the Dog eats your #Programming work' ğŸ‘¨ğŸ½â€ğŸ’»  #development #DataScientist #BigData #Analytics #DataScience #AI #MachineLearning #ML #IoT #IIoT #IoTCL #IoTPL #Python #RStats #Cloud #robotics #Coding #100DaysofCode #tech #gamedev,27,@Eli_Krumova
"ğŸ˜‚ #SaturdayMotivation @SourabhSKatoch:""The Idea Guy"" pitching his startup to #developers ğŸ‘¨ğŸ½â€ğŸ’»  #programmer #Business #startup #Software #tech #100DaysOfCode #coding #programming #ML #AI #DataScience #IoT #IIoT #IoTPL #Python #CodeNewbie #gamedev #webdev #DEVCommunity #WomenWhoCode",64,@Eli_Krumova
The Exception to the Rule: When to Use Force Push for Clean #Git Branch Histories https://dev.to/andreasbergstrom/the-exception-to-the-rule-when-to-use-force-push-for-clean-git-branch-histories-4a8f @ThePracticalDev #DEVCommunity #Developers #Coding #programming #100daysofcode #CodeNewbies #Python #AI #ML #IoT #IIoT #IoTPL #IoTCL #tech #Womenwhocode #programmers @IoTchannel @IoTCommunity,18,@Eli_Krumova
Best #DataScience Picks ğŸ‘‰ğŸ½https://bit.ly/3sc1Vmd v/ @gp_pulipaka #BigData #Data #DataAnalytics #Analytics #AI #ML #MachineLearning #DL #IoT #IIoT #IoTPL #Serverless #Python #RStats #Linux #RPA #NLP #CloudComputing #Coding #programming #100DaysOfCode #DEVCommunity #DataScientist,6,@Eli_Krumova
Top 10 #MachineLearning use cases in 2021ğŸ¯ https://bit.ly/39jNSo1 v/ @Analytics_699 #BigData #Analytics #DataScience #AI #ArtificialIntelligence #ML #IoT #IIoT #IoTPL #Python #CloudComputing #Serverless #RPA #NLP #DataScientist #Programming #Coding #100DaysofCode #DEVCommunity,18,@Eli_Krumova
ğŸ¤£ #FridayVibes #fridaymorning @groziit:'Imported but unused modules in my program'ğŸ‘¨ğŸ½â€ğŸ’»  #development #Analytics #DataScience #AI #MachineLearning #ML #IoT #IIoT #IoTCL #IoTPL #Python #RStats #CodeNewbie #Web3 #gamedev #programming #Coding #DEVCommunity #100DaysOfCode #WomenWhoCode,7,@Eli_Krumova
âš¡ï¸ Learn #Python from #MachineLearning Projects https://machinelearningmastery.com/python-for-machine-learning/  v/@AdhiSquarePants #DataScientist #Analytics #DataScience #ML #AI #IIoT #IoT #IoTPL #IoTCL #DEVCommunity #100DaysOfCode #coding #programming #CodeNewbie #WomenWhoCode #CloudComputing #MLOps #TensorFlow #STEM,10,@Eli_Krumova
ğŸ¤£ #mondaythoughts #NewWeek @SourabhSKatoch: 'How #programmers get #inspiration for their #logodesigns'  #Developers #designer #FrontEnd #development #webdev #gamedev #Bigdata #DataScience #AI #ML #MachineLearning #IoT #IIoT #IoCTL #IoTPL #100DaysofCode #Coding #programming #code,26,@Eli_Krumova
"ğŸ˜† #sundayvibes #SundayThoughts @SourabhSKatoch:""This needs to be taught in every School/Bootcamp/#Onlinecourse""ğŸ‘©ğŸ½â€ğŸ«  #Coding #STEM #tech #programming #Analytics #Python #DataScience #AI #ML #IoT #IoTCL #IIoT #IoTPL #CodeNewbie #WomenWhoCode #ThinkBIGSundayWithMarsha #100DaysofCode",22,@Eli_Krumova
âš¡ï¸ #Git Cheat SheetğŸ¯   #DataScientists #Developers #STEM #webdev #gamedev #DataScience #BigData #Analytics #AI #ML #MachineLearning #IoT #IIoT #IoTPL #Python #RStats #CloudComputing #NLP #RPA #programming #coding #100DaysOfCode #DEVCommunity #CodeNewbie #WomenWhoCode #tech #Code,56,@Eli_Krumova
10 Best #DataScience #Books for Beginners & Advanced #DataScientist ğŸ¯ https://bit.ly/2WkgJ4W v/ @gp_pulipaka #BigData #Analytics #MachineLearning #ML #AI #IoT #IIoT #IoTPL #Python #RStats #Serverless #CloudComputing #RPA #NLP #Programming #Coding #100DaysofCode #DEVCommunity,10,@Eli_Krumova
"Build an Agency Website using HTML, CSS and JavaScript â˜ https://morioh.com/p/a9770beeb1a5?f=5cb7d89d660c8335951ca454 #html #css #javascript #programming #developer #morioh #programmer #coding #softwaredeveloper #computerscience #webdev #webdeveloper #webdevelopment",70,@CssDevz
Top #MachineLearning Interview Qs with Ans 2021ğŸ¯ ğŸ‘‰ğŸ½https://bit.ly/2YqWWS0 v/ @Analytics_699 #DataScience #Analytics #BigData #AI #ML #Rstats #Reactjs #Python #IoT #IIoT #Serverless #5G #CyberSecurity #CloudComputing #RPA #NLP #Programming #DEVCommunity #Coding #100DaysOfCode,10,@Eli_Krumova
âš¡ï¸180 #DataScience & #MachineLearning Projects with #Python https://medium.com/coders-camp/180-data-science-and-machine-learning-projects-with-python-6191bc7b9db9 @Projects_007 #development #STEM #Analytics #BigData #AI #ML #IoT #IIoT #IoTCL #IoTPL #RStats #CloudComputing #RPA #NLP #programming #coding #DEVCommunity #100DaysOfCode #CodeNewbie #WomenWhoCode,18,@Eli_Krumova
ğŸ“ŒLearn Linear Regression #Algorithm with Examples: #MachineLearning with #Python https://invidious.poast.org/watch?v=P28gSNZgZvw  v/@SourabhSKatoch #100DaysofCode #DevCommunity #DataScience #BigData #Analytics #AI #ML #IoT #IIoT #IoTPL #IoTCL #Cloud #RStats #Programming #Coding #CodeNewbie #WomenInSTEM,42,@Eli_Krumova
ğŸ˜‚ #sundayvibes #weekend @SourabhSKatoch: '#Programmer's life in a nutshell.' ğŸ‘¨ğŸ½â€ğŸ’»  #developers #webdev #gamedevelopment #100DaysOfCode #coding #programming #CodeNewbie #WomenWhoCode #AI #ML #MachineLearning #Python #IoT #IIoT #IoTPL #IoTCL #DataScience #DataScientist #DEVCommunity,23,@Eli_Krumova
ğŸ¤£ #thursdayvibes #thursdaymorning @SourabhSKatoch:'#Programmer trying to add a new feature to spaghetti monster codebase'ğŸ‘©ğŸ½â€ğŸ’»  #Code #AI #ML #DataScience #BigData #Analytics #IoT #IIoT #IoTCL #IoTPL #Python #RStats #CloudComputing #CyberSecurity #Programming #Coding #100DaysofCode,13,@Eli_Krumova
ğŸ¤£ #Mondayvibes #Mondaymorning @SourabhSKatoch: 'What happens when #programmers not lawyers write #software license agreement'  #developers #programming #Analytics #AI #MachineLearning #Python #IoTCL #IoT #IIoT #IoTPL #CodeNewbie #DEVCommunity #100DaysOfCode #WomenWhoCode #Coding,30,@Eli_Krumova
Best #Programming Books for Beginners in 2021 ğŸ‘‰ğŸ½bit.ly/3ckffz4 v/ @gp_pulipaka #BigData #Analytics #DataScience #ML #AI #DL #IoT #IIoT #IoTPL #IoTCommunity #Serverless #RStats #CloudComputing #RPA #NLP #CyberSecurity #Programming #Coding #100DaysofCode #DEVCommunity #DX,8,@Eli_Krumova
âš¡ï¸Tutorial: Convert #Video to #Gif using #Python in 3 lines https://invidious.poast.org/watch?v=LXeDuOj5M-8&feature=invidious.poast.org  v/@SourabhSKatoch #development #programming #coding #DevOps #AI #ML #MachineLearning #IoT #IIoT #IoTCL #IoTPL #womenwhocode #Cloud #Analytics #CodeNewbie #DataScience #100DaysOfCode #DEVCommunity,54,@Eli_Krumova
"ğŸ¤£ #weekend #sundayvibes @SourabhSKatoch:'#Programmers cant escape it, does not matter wherever you go or what you do'ğŸ‘¨ğŸ½â€ğŸ’»  #developers #DataScience #AI #MachineLearning #ML #Python #IoT #IIoT #IoTCL #IoTPL #WomenWhoCode #CodeNewbie #100DaysOfCode #Coding #programming #DEVCommunity",78,@Eli_Krumova
ğŸ¤£ #mondaythoughts #newweek #MondayMotivation Asking questions on #StackOverflow be like ğŸ’»  #developers #programming #coding #gamedev #Software #DataScience #Python #AI #ML #MachineLearning #IoT #IIoT #IoTPL #IoTCL #100DaysOfCode #DEVCommunity #WomenWhoCode #CodeNewbies #DevOps,30,@Eli_Krumova
âš¡ï¸#Infographic: 9 Essential #MachineLearning #Algorithms  v/@SourabhSKatoch #ML #DataScience #Analytics #BigData #AI #Python #CloudComputing #IoT #IIoT #IoTCL #IoTPL #DEVCommunity #100DaysOfCode #CodeNewbie #programming #coding #WomenWhoCode #developer #DataScientist #WomenInSTEM,43,@Eli_Krumova
Check #Internet Speed Using #Python #DataScience #BigData #Analytics #AI #ML #MachineLearning #IoT #IIoT #IoTPL #RStats #PyTorch #CloudComputing #Serverless #CyberSecurity #RPA #NLP #programming #coding #DEVCommunity #100DaysOfCode #CodeNewbie #WomenWhoCode #DataScientist #code,12,@Eli_Krumova
ğŸ¤£ #mondaythoughts #Mondaymorning How to get started with #coding ğŸ‘¨ğŸ½â€ğŸ’»  v/@SourabhSKatoch #webdev #Developers #gamedevelopment #DataScience #AI #ML #Machinelearning #Python #CloudComputing #IoT #IIoT #IoTCL #IoTPL #programming #DEVCommunity #WomenWhoCode #Programming #100DaysOfCode,31,@Eli_Krumova
#MachineLearning in a Nutshell bit.ly/3grtPbk  v/ @Sheraj99 #BigData #Analytics #DataScience #AI #DeepLearning #IoT #IIoT #IoTPL #Python #CloudComputing #CyberSecurity #Serverless #5G #RPA #NLP #robotics #blockchain #programming #coding #100DaysOfCode #DEVCommunity #tech,37,@Eli_Krumova
ğŸ¤£ @SourabhSKatoch: '#Software #Engineers with a Ph.D. ğŸ†š a random guy who took one month course on @Udemy'ğŸ‘¨ğŸ½â€ğŸ’»  #DEVCommunity #MachineLearning #ML #Python #IoT #IIoT #IoTPL #AI #womenwhocode #RStats #Serverless #CodeNewbie #DataScience #100DaysOfCode #programming #coding #RPA #NLP,6,@Eli_Krumova
ğŸ‘¨ğŸ½â€ğŸ’» Want to learn #Python #Programming ? ğŸ‘‰ğŸ½programming-hero.com is the answerâœ…  #BigData #Analytics #DataScience #AI #ArtificialIntelligence #ML #IoT #IIoT #IoTPL #CloudComputing #RPA #NLP #robotics #CyberSecurity #DataScientist #CodeNewbie #Coding #100DaysofCode #DEVCommunity,14,@Eli_Krumova
ğŸ¤£ #mondaythoughts #Mondayvibes @SourabhSKatoch: 'When a #backend #developer tries to find a #designer'ğŸ‘¨ğŸ½â€ğŸ’»  #developer #webdev #gamedev #programmer #DataScience #AI #ML #IoT #IIoT #IoTPL #IoTCL #Python #100DaysOfCode #Coding #WomenWhoCode #CodeNewbie #programming #DEVCommunity #CX,38,@Eli_Krumova
ğŸ¤£ #thursdayvibes #ThursdayThought #Programming Laws ğŸ‘¨ğŸ½â€ğŸ’»  #DataScientists #Developers #programmers #CodeNewbie #BigData #Analytics #AI #MachineLearning #ML #DataScience #Python #IoTPL #IoT #IIoT #IoTCL #CloudComputing #Coding #100DaysOfCode #DEVCommunity #gamedev #Webdev #Business,45,@Eli_Krumova
âš¡ï¸ 4 #Python Performance Techniques to Remember ğŸ‘‰ğŸ½https://medium.com/codex/4-python-performance-techniques-to-remember-1b04898de03d  v/@SourabhSKatoch #DataScientist #STEM #DataScience #BigData #Analytics #AI #MachineLearning #ML #IoT #IIoT #IoTCL #IoTPL #RStats #programming #coding #100DaysOfCode #DEVCommunity #CodeNewbie #WomenWhoCode,13,@Eli_Krumova
25 #Amazon #GitHub Repos to Check ğŸ‘‰ğŸ½https://bit.ly/3y7qepK v/ @gp_pulipaka #BigData #Analytics #DataScience #AI #ML #MachineLearning #IoT #IIoT #IoTPL #Python #RStats #CloudComputing #Serverless #RPA #NLP #robotics #DataScientist #Programming #Coding #100DaysofCode #CodeNewbie,6,@Eli_Krumova
#Python Project Ideas ğŸ‘¨ğŸ½â€ğŸ’»  v/ @knowprogram #developers #DataScience #BigData #Analytics #AI #ML #MachineLearning #IoT #IIoT #IoTCL #IoTPL #RStats #TensorFlow #CloudComputing #CyberSecurity #NLP #robotics #programming #coding #DEVCommunity #100DaysOfCode #CodeNewbie #WomenWhoCode,23,@Eli_Krumova
ğŸ”§ A back/forward navigation tool for @unity engine https://github.com/kronnect/HistoryNavigator v/ @AssetStore #UnityTips #Unity3D #Gamedev #games #gaming #gamedeveloper #gamedesign #gamedevs #development #developer #programmer #100DaysofCode #DevCommunity #coding #programming #tech #gamers #github,33,@Eli_Krumova
#AI-powered App Scans #LEGO Bricks & Suggests What Can be Built https://invidious.poast.org/watch?v=6Gigj7j9I3E  v/@SourabhSKatoch #DataScientist #ML #Analytics #MachineLearning #DataScience #BigData #Python #IoT #IoTCL #IIoT #IoTPL #Cloud #gamedev #coding #DEVCommunity #100DaysOfCode #programming #tech,59,@Eli_Krumova
4 Common Sorting #Algorithms Every #Developer Should Know  #BigData #Analytics #DataScience #AI #MachineLearning #ML #IoT #IIoT #IoTPL #Python #RStats #CloudComputing #Serverless #5G #RPA #NLP #robotics #blockchain #programming #coding #DEVCommunity #100DaysOfCode v/ @manekinekko,27,@Eli_Krumova
ğŸ¤£ #fridaymorning #FridayThoughts @SourabhSKatoch:'What #Programmers & other remote workers think drinking does'ğŸ‘¨ğŸ½â€ğŸ’»  #Developers #Coding #programming #DEVCommunity #DataScience #AI #MachineLearning #ML #IoT #IIoT #IoTCL #IoTPL #Python #WomenWhoCode #CodeNewbie #100DaysOfCode #Code,19,@Eli_Krumova
#AI Best: Recommendations to Learn #Mathematics for #MachineLearning ğŸ‘‰ğŸ½bit.ly/346Cw3R  v/ @Sheraj99 #DataScience #Bigdata #Analytics #ML #DeepLearning #Serverless #CyberSecurity #CloudComputing #RPA #NLP #IoT #IIoT #IoTPL #100DaysofCode #programming #coding #WomenWhoCode,11,@Eli_Krumova
Top 20 Best #DataScience #Books ğŸ“š ğŸ‘‰ğŸ½bit.ly/2FmAbJb v/ @gp_pulipaka #BigData #Analytics #DS #AI #ML #MachineLearning #IoT #IIoT #IoTPL #Python #RStats #CloudComputing #CyberSecurity #Serverless #DataScientist #RPA #NLP #Programming #Coding #100DaysofCode #DEVCommunity,9,@Eli_Krumova
18 Best #DataScience Courses on #Udemy ğŸ‘‰ğŸ½bit.ly/384u2N3 #DataScientists #AI #MachineLearning #ML #Analytics #IoT #IIoT #IoTPL #IoTCL #Python #RStats #AR #VR #Cloud #NLP #RPA #Programming #Coding #100DaysofCode #CodeNewbie #womeintech #WomenWhoCode #tech #developer #STEM,10,@Eli_Krumova
ğŸ˜‚ #fridaymorning #weekendvibes How to get started with #Coding ğŸ‘¨ğŸ½â€ğŸ’»  v/ @SourabhSKatoch #developer #programmers #webdev #gamedev #DataScience #100DaysOfCode #AI #Machinelearning #ML #Python #IoT #IIoT #IIoTCL #IoTPL #Analytics #WomenWhoCode #CodeNewbies #DEVCommunity #Programming,66,@Eli_Krumova
âš¡ï¸ #Course: Reinforcement Learning in 3h with #Python ğŸ‘‰ğŸ½https://invidious.poast.org/watch?v=Mut_u40Sqz4  v/@SourabhSKatoch #Developer #BigData #DataScience #Analytics #AI #ML #MachineLearning #IoT #IoTCL #IIoT #IoTPL #Python #CloudComputing #100DaysOfCode #WomenWhoCode #programming #coding #DEVCommunity,51,@Eli_Krumova
âš¡ï¸ #Python Libraries You Must Know ğŸ¯  #DataScientists #Developer #programmer #DataScience #AI #ML #Analytics #BigData #MachineLearning #IoTPL #IoT #IIoT #IoTCL #CloudComputing #DEVCommunity #100DaysOfCode #coding #programming #WomenInSTEM #WomenWhoCode #FutureofWork #STEM #tech,13,@Eli_Krumova
#MachineLearning in a Nutshell bit.ly/3grtPbk  v/ @Sheraj99 #DataScience #BigData #Analytics #AI #ML #DeepLearning #IoT #IIoT #IoTPL #IoTCL #Python #CloudComputing #CyberSecurity #RPA #NLP #blockchain #robotics #5G #coding #programming #100DaysOfCode #DEVCommunity #tech,18,@Eli_Krumova
#AI Best: @googlecloud AI Platform with @PyTorch ğŸ‘‰ğŸ½https://bit.ly/3tvEgOi v/ @gp_pulipaka #GoogleCloud #BigData #Analytics #DataScience #MachineLearning #IoT #IIoT #IoTPL #PyTorch #Python #TensorFlow #CloudComputing #Serverless #DataScientist #Programming #Coding #100DaysofCode,14,@Eli_Krumova
ğŸ¯ #Coding Best Practices: Why #StackOverflow #Developers Don't Always Follow ThemğŸ§‘ğŸ½â€ğŸ’» https://www.techrepublic.com/article/stack-overflow-developers-we-didnt-always-follow-coding-best-practices-and-you-dont-have-to-either/ By @TechRepublic #100DaysOfCode #DataScience #Analytics #AI #ML #IoT #IIoT #IoTPL #IoTCL #Serverless #LowCode #programming #DEVCommunity #WomenWhoCode #CodeNewbie #DevOps,8,@Eli_Krumova
âš¡ï¸ #Programming ğŸ†š #Coding ğŸ†š #Development  v/@AlfadelKathy #Developers #Programmers #DataScientists #Analytics #AI #ML #IoT #IIoT #IoTPL #IoTCL #Python #RStats #CloudComputing #softwaredevelopment #webdev #engineer #Software #code #coder #WomenWhoCode #CodeNewbie #designer #tech,5,@Eli_Krumova
Collection of the Best #OpenSource #Software Libraries https://opensourcelibs.com  v/ @SourabhSKatoch #DataScience #Analytics #AI #MachineLearning #ML #BigData #Python #CloudComputing #NLP #IoT #IIoT #IoTPL #IoTCL #DEVCommunity #100DaysOfCode #WomenWhoCode #programming #coding #STEM,45,@Eli_Krumova
âš¡ï¸ 6 Best #NLP #Courses #Online ğŸ†“ You Must Know in 2022 https://www.mltut.com/best-nlp-courses-online-free/ @tut_ml #DataScientists #DataScience #Analytics #AI #ML #MachineLearning #IIoT #IoT #IoTCL #IoTPL #Python #CloudComputing #100DaysOfCode #DEVCommunity #programming #coding #CodeNewbie #WomenWhoCode,8,@Eli_Krumova
Best #Books on #Robotics https://bit.ly/3qS9sqD v/ @gp_pulipaka #BigData #Analytics #DataScience #AI #ML #DL #IoT #IIoT #IoTPL #PyTorch #Python #RStats #TensorFlow #CloudComputing #Serverless #5G #RPA #NLP #CyberSecurity #robots #AV #4IR #DX #Programming #Coding #100DaysofCode,6,@Eli_Krumova
7 Best #Investing Books For Beginners To Become A Rational #Investor https://statanalytica.com/blog/best-investing-books-for-beginners/  v/ @StatAnalytica #DataScience #CyberSecurity #DeFi #blockchain #Bitcoin #DEVCommunity #100DaysOfCode #AI #ML #IoT #IIoT #IoTCL #IoTPL #Python #Crypto #coding #programming #fintech #web3,15,@Eli_Krumova
ğŸ¤£ #FridayMotivation #fridaymorning #FrontEndDeveloper's learning path always be like  #webdev #gamedev #FrontEnd #Developer #100DaysOfCode #python #programming #Coding #programminghumor #DEVCommunity #DataScience #Analytics #AI #ML #IoT #IIoT #IoTPL #Serverless #Cloud #CX #Code,31,@Eli_Krumova
String Manipulation in R https://finnstats.com/index.php/2021/11/06/string-manipulation-in-r/  v/ @rweekly_live #DataScientist #MachineLearning #ML #AI #Python #RStats #Cloud #IoT #IoTCL #IIoT #IoTPL #DataScience #Analytics #programming #coding #WomenWhoCode #CodeNewbie #100DaysOfCode #DEVCommunity #STEM #futureofwork #tech,23,@Eli_Krumova
Download #YouTube #videos using #Python library #PyTube https://invidious.poast.org/watch?v=-VQtj7aS1AQ  v/ @SourabhSKatoch #DataScientist #webdev #DataScience #BigData #Analytics #AI #MachineLearning #ML #IoT #IIoT #IoTCL #IoTPL #Cloud #100DaysofCode #DevCommunity #Programming #Coding #CodeNewbie #tech,61,@Eli_Krumova
"âš¡ï¸ 2022 #FrontEnd, Back End and #DevOps #Developer Roadmaps ğŸ‘‰ğŸ½https://bit.ly/37W2LMI v/ @gp_pulipaka #Development #developers #coding #programming #programmers #DataScience #AI #MachineLearning #ML #IoT #IIoT #IoTPL #Python #WomenWhoCode #100DaysOfCode #CodeNewbie #DEVCommunity",10,@Eli_Krumova
âš¡ï¸ Best IDEs for ğŸ” Languages  #Developer #programmer #DataScience #AI #MachineLearning #ML #BigData #Python #Cloud #IoT #IIoT #IoTPL #IoTCL #AWS #blockchain #WomenWhoCode #DEVCommunity #STEM #webdev #gamedev #Software #tech #CodeNewbie #DevOps #coding #programming #100daysofcode,36,@Eli_Krumova
âš¡ï¸ .@Unity #MachineLearning with #Python ğŸ‘‰ğŸ½https://www.udemy.com/course/unity-machine-learning-with-python/ By @Udemy #gamedev #games #gaming #gamers #development #gamedevelopment #developer #programming #coding #programmer #coder #AI #ML #AR #VR #MR #XR #Metaverse #tech #100DaysOfCode #DEVCommunity #WomenWhoCode #Code,10,@Eli_Krumova
ğŸ†“ #Oxford #ML & #DeepLearning Course ğŸ‘‰ğŸ½ https://bit.ly/3df0RJQ v/ @gp_pulipaka #DataScience #BigData #Analytics #AI #MachineLearning #IoT #IIoT #IoTPL #Python #CloudComputing #DataScientist #Serverless #programming #coding #DEVCommunity #100DaysOfCode #CodeNewbie #WomenWhoCode,17,@Eli_Krumova
Gameplay detection with a #NeuralNetwork https://invidious.poast.org/watch?v=TsAinKh8TRw  v/ @SourabhSKatoch #DataScientists #DataScience #ML #Analytics #AI #MachineLearning #Python #BigData #IoT #IIoT #IoTPL #IoTCL #CloudComputing #DEVCommunity #100DaysOfCode #WomenWhoCode #programming #coding #gamedev,62,@Eli_Krumova
ğŸ¤£ #tuesdayvibe #TuesdayMotivaton @SourabhSKatoch: 'When part of your #code doesn't work so you replace it with something from the #Internet'  #Developers #webdev #Coding #programming #DEVCommunity #DataScience #AI #ML #IoT #IIoT #IoCTL #IoTPL #Python #WomenWhoCode #100DaysOfCode,25,@Eli_Krumova
âš¡ï¸12 Best #DataAnalytics #Courses in @Coursera in 2022 ğŸ‘‰ğŸ½https://www.mltut.com/best-data-analytics-courses-in-coursera/ @tut_ml #DataScientist #DataScience #Analytics #BigData #AI #MachineLearning #ML #IIoT #IoTPL #IoTCL #IoT #Python #RStats #WomenWhoCode #WomenInSTEM #programming #Coding #100DaysOfCode #DEVCommunity,11,@Eli_Krumova
ğŸ˜† #Mondayvibes #mondaythoughts #MondayMotivation @SourabhSKatoch:'Everyone drinks from the same source'ğŸ‘¨ğŸ½â€ğŸ’»  #developer #programmer #CodeNewbie #webdev #gamedev #ML #AI #IoT #IIoT #IoTPL #IoTCL #Tech #WomeninTech #DataScience #Programming #Coding #Code #100DaysOfCode #DEVCommunity,32,@Eli_Krumova
Introduction to #MachineLearning #Course Repo ğŸ‘‰ğŸ½https://bit.ly/3hQkBnR @gp_pulipaka #BigData #Analytics #DataScience #AI #ML #IoT #IIoT #Python #RStats #TensorFlow #Cloud #CloudComputing #Serverless #CyberSecurity #NLP #RPA #5G #DataScientist #Programming #Coding #100DaysofCode,27,@Eli_Krumova
âš¡ï¸ğŸ‘©ğŸ½â€ğŸ’» 13 Best IDE Every #Programmer Should Know  https://geni.us/Best-IDEs v/ @gp_pulipaka #Programming #Coding #developer #Python #100DaysOfCode #DEVCommunity #DataScience #AI #ML #MachineLearning #BigData #Analytics #IoT #IIoT #IoTPL #IoTCL #WomenWhoCode #CodeNewbie #tech #webdev,39,@Eli_Krumova
âš¡ï¸ #Coding Best Practices: Why #StackOverflow #Developers Don't Always Follow Them https://www.techrepublic.com/article/stack-overflow-developers-we-didnt-always-follow-coding-best-practices-and-you-dont-have-to-either/ @TechRepublic #programmers #Software #DataScience #Analytics #AI #ML #IoT #IIoT #IoTPL #IoTCL #programming #DEVCommunity #WomenWhoCode #CodeNewbie #100DaysOfCode #code #CX,10,@Eli_Krumova
ğŸ¤£ #Fridaymotivation #FridayFun @groziit:'Imported but unused modules in my program'ğŸ‘¨ğŸ½â€ğŸ’»  #developer #programmer #code #STEM #DataScience #AI #MachineLearning #ML #Analytics #Python #IoT #IIoT #IoTCL #IoTPL #WomenWhoCode #CodeNewbie #100DaysOfCode #Coding #programming #DEVCommunity,18,@Eli_Krumova
@MIT: Intro to #DeepLearning (ğŸ†“#Online #Course) â¡ï¸bit.ly/3ac2VkX v/ @gp_pulipaka #BigData #Analytics #DataScience #IoT #IIoT #Python #RStats #AI #ML #DL #5G #CyberSecurity #CloudComputing #Serverless #RPA #DataScientist #Programming #Coding #100DaysofCode #DEVCommunity,14,@Eli_Krumova
#MachineLearning with #Python 10h Full Course ğŸ‘‰ğŸ½https://invidious.poast.org/watch?v=pQA6MGsXCNg  v/@SourabhSKatoch #ML #STEM #developer #DataScientist #DataScience #Analytics #AI #BigData #IoT #IoTCL #IIoT #IoTPL #CloudComputing #programming #coding #DEVCommunity #100DaysOfCode #WomenWhoCode #CodeNewbie,77,@Eli_Krumova
ğŸ¤£ #thursdayvibes #ThursdayThoughts #thursdaymorning What people think #programmers argue about  v/ @yu_angela #Developers #webdev #AI #ML #Python #DataScience #BigData #IoT #IIoT #IoTPL #IoTCL #Analytics #DEVCommunity #coding #100DaysOfCode #Programming #CodeNewbie #WomenWhoCode,19,@Eli_Krumova
ğŸ“Œ Acronyms every #programmer should knowğŸ‘¨ğŸ½â€ğŸ’»  v/ @codemugg #BigData #DataScience #Analytics #AI #ML #MachineLearning #DL #IoT #IIoT #IoTPL #Serverless #CloudComputing #RPA #NLP #programming #coding #DEVCommunity #100DaysOfCode #CodeNewbies #webdev #Linux #Python #TensorFlow #rstat,11,@Eli_Krumova
Data as #Code in #MachineLearning: 0 #Production Defects for #Analytics Datasets https://bit.ly/3nZEEmQ v @gp_pulipaka #ELT #API #BigData #DataScience #AI #ML #IoT #IIoT #IoTPL #Cloud #Serverless #RPA #NLP #Python #DataScientist #Programming #Coding #100DaysofCode #DEVCommunity,6,@Eli_Krumova
"Project #Kintsugi, #Upcycling & #MachineLearning ğŸ‘‰ğŸ½https://bit.ly/38WPFOW v @gp_pulipaka #BigData #Analytics #DataScience #ML #AI #IoT #IIoT #PyTorch #Python #RStats #TensorFlow #Cloud #CloudComputing #Serverless #CyberSecurity #DataScientist #Programming #Coding #100DaysofCode",21,@Eli_Krumova
Course: Learn Reinforcement Learning in 3h with #Python https://invidious.poast.org/watch?v=Mut_u40Sqz4  v/@SourabhSKatoch #developer #programmer #DataScience #Analytics #BigData #ML #AI #MachineLearning #IoT #IIoT #IoTPL #IoTCL #100DaysOfCode #WomenWhoCode #programming #coding #DEVCommunity #STEM #tech,61,@Eli_Krumova
"âš¡ï¸ 2022 #FrontEnd, Back End & #DevOps #Developer Roadmaps ğŸ‘‰ğŸ½ https://bit.ly/37W2LMI  v/ @gp_pulipaka #programmers #Development #developers #coding #programming #DataScience #AI #MachineLearning #ML #Python #IoT #IIoT #IoTPL #WomenWhoCode #100DaysOfCode #CodeNewbie #DEVCommunity",56,@Eli_Krumova
Clustering #Algorithms that #DataScientists Needs to KnowğŸ‘¨ğŸ½â€ğŸ’» ğŸ‘‡ğŸ½ https://starship-knowledge.com/clustering-algorithms-that-data-scientists-need-to-know v/ @FlySpaceships #BigData #Analytics #DataScience #MachineLearning #ML #AI #IoT #IIoT #IoTPL #Python #RStats #Cloud #CloudComputing #CyberSecurity #Programming #Coding #100DaysofCode,12,@Eli_Krumova
Unlocking Text #Data with #MachineLearning ğŸ‘‰ğŸ½bit.ly/39pZMwu v/ @gp_pulipaka #BigData #Analytics #DataScience #AI #MachineLearning #ML #IoT #IIoT #IoTPL #CloudComputing #Serverless #RPA #NLP #CyberSecurity #programming #CodeNewbie #Coding #100DaysofCode #DEVCommunity,7,@Eli_Krumova
#Python Tips ğŸ‘‡ğŸ½ bit.ly/3aJVK27 @AI_Miami #100DaysOfCode #AI #ML #MachineLearning #Analytics #BigData #DataViz #DataScience #DeepLearning #serverless #5G #RPA #NLP #DigitalTransformation #IoT #IIoT #IoTPL #Programming #Python #Tech #VR #WomenWhoCode #Coding @Eli_Krumova,13,@Eli_Krumova
Scaling Your Time Series Forecasting #Project ğŸ‘‡ğŸ» https://bit.ly/3mGn3yO Via @gp_pulipaka #BigData #Analytics #DataScience #AI #MachineLearning #IoT #IIoT #IoTPL #Python #RStats #TensorFlow #CloudComputing #Serverless #DataScientist #Linux #Programming #Coding #100DaysofCode,6,@Eli_Krumova
What is #ComputerVisionâ“  ğŸ‘‡ğŸ½ Intro lecture series from @Columbia https://invidious.poast.org/watch?v=wVE8SFMSBJ0  v/ @SourabhSKatoch #STEM #Analytics #DataScience #BigData #AI #ML #MachineLearning #IoT #IIoT #IoTPL #IoTCL #Python #RPA #NLP #100DaysofCode #Coding #Programming #DEVCommunity #WomenWhoCode,44,@Eli_Krumova
11 Myths about #DataScience You Should Know ğŸ‘‰ğŸ½https://analyticsvidhya.com/blog/2020/09/11-data-science-myths/ #AI #MachineLearning #ML #DataScientists #BigData #Analytics #IoT #IIoT #IoTPL #Python #100DaysOfCode #WomenWhoCode #CyberSecurity #Statistics #RPA #NLP #CloudComputing #serverless #5G #coding #programming #DX,4,@Eli_Krumova
#DeepLearning & #NeuralNetworks ğŸ‘‰ğŸ½bit.ly/3cRl8E8 #BigData #Analytics #DataScience #MachineLearning #ML #AI #DL #IoT #IIoT #IoTPL #Python #RStats #Serverless #CloudComputing #RPA #NLP #robotics #automation #CyberSecurity #Programming #Coding #100DaysofCode v/ @Sheraj99,10,@Eli_Krumova
Top #OpenSource Recommender #Systems In #Python For #MachineLearning #Projects ğŸ‘‡ğŸ½ https://bit.ly/2GsVpFN v/ @gp_pulipaka #BigData #Analytics #DataScience #AI #ML #IoT #IIoT #IoTPL #RStats #CloudComputing #Serverless #DataScientist #Programming #Coding #100DaysofCode #project,6,@Eli_Krumova
âš¡ï¸ Online Course: Automate the Boring Stuff with #Python https://udemy.com/course/automate/?couponCode=JUL2021FREE  v/ @SourabhSKatoch #DataScientist #developer #BigData #Analytics #DataScience #ML #AI #MachineLearning #RStats #Cloud #IoT #IIoT #IoTCL #IoTPL #DEVCommunity #100DaysOfCode #programming #coding #STEM,41,@Eli_Krumova
Clustering #Algorithms that #DataScientists Needs to KnowğŸ‘¨ğŸ½â€ğŸ’» ğŸ‘‰ğŸ½https://starship-knowledge.com/clustering-algorithms-that-data-scientists-need-to-know v/ @FlySpaceships #BigData #Analytics #DataScience #MachineLearning #ML #AI #DL #IoT #IIoT #IoTPL #Python #RStats #CloudComputing #RPA #NLP #CyberSecurity #Programming #Coding #100DaysofCode,13,@Eli_Krumova
End to End Image Classification #ML #WebApp Deploy in #Cloud ğŸ‘‰ğŸ½https://bit.ly/2PjG3b0 @udemy #HTML5 #CSS #Flash #Analytics #DataScience #AI #MachineLearning #IoT #IIoT #IoTPL #Python #RStats #CloudComputing #Serverless #Linux #Programming #Coding #100DaysofCode #100DaysOfMLCode,6,@Eli_Krumova
âš¡ï¸ Convolutional #NeuralNetworks Explained (What Is #ComputerVision) ğŸ‘‰ğŸ½https://invidious.poast.org/watch?v=pj9-rr1wDhM  v/@SourabhSKatoch #DataScience #MachineLearning #AI #ML #Python #RStats #IoT #IIoT #IoTPL #IoTCL #Cloud #CodeNewbie #womenintech #100DaysOfCode #DEVCommunity #Coding #programming #STEM,49,@Eli_Krumova
ğŸŒŸ Encounter integrating with JavaScript libraries in Java? Get 24/7 help from #DevGuys2Go! #Java https://pressth.is/sohHj #development #programming #coding,0,@techguys2go
#programmingjoke #programmingmemes #programmer #developers #100daysofcode #DEVCommunity #Coding #programming #tuesdayvibe,16,@Eli_Krumova
âš¡ï¸Top 50+ #Linux Commands You Must Know https://bit.ly/3uOD8cE  v/ @gp_pulipaka #STEM #DataScientist #DevOps #BigData #DataScience #Analytics #MachineLearning #AI #ML #Python #IoT #IIoT #IoTPL #IoTCL #CloudComputing #Coding #100DaysofCode #Programming #tech #webdev #gamedev #RPA,81,@Eli_Krumova
